arch	norm	scan	E1_cos	E6_cos	delta_cos	E1_beat	E6_beat	delta_beat
Encoder	minmax	CV_P1_V_01	0.2709	0.3317	+0.0607	63.3	34.4	-28.9
Encoder	minmax	CV_P2_V_01	0.5660	0.5407	-0.0253	96.7	87.8	-8.9
Encoder	minmax	CV_P3_V_01	0.5357	0.5058	-0.0298	83.3	73.3	-10.0
Encoder	minmax	CV_P4_V_01	0.6638	0.6166	-0.0472	98.9	95.6	-3.3
Encoder	minmax	CV_P5_V_01	0.3202	0.5365	+0.2163	82.2	84.4	+2.2
Encoder	minmax	CE_P1_V_01	0.0228	0.3958	+0.3730	37.8	66.7	+28.9
Encoder	minmax	CE_P2_V_01	0.0137	0.2933	+0.2796	24.4	77.8	+53.3
Encoder	minmax	CE_P3_V_01	0.0755	-0.2428	-0.3183	57.8	22.2	-35.6
Encoder	minmax	CE_P4_V_01	0.2072	0.3719	+0.1647	65.6	77.8	+12.2
Encoder	minmax	CE_P5_V_01	0.3242	0.4186	+0.0944	74.4	83.3	+8.9
Encoder	mu	CV_P1_V_01	0.3838	0.3562	-0.0275	72.2	52.2	-20.0
Encoder	mu	CV_P2_V_01	0.5448	0.5093	-0.0355	100.0	66.7	-33.3
Encoder	mu	CV_P3_V_01	0.5623	0.6319	+0.0696	93.3	88.9	-4.4
Encoder	mu	CV_P4_V_01	0.6246	0.6326	+0.0080	92.2	91.1	-1.1
Encoder	mu	CV_P5_V_01	0.5944	0.5975	+0.0031	96.7	95.6	-1.1
Encoder	mu	CE_P1_V_01	0.6333	0.5632	-0.0701	98.9	91.1	-7.8
Encoder	mu	CE_P2_V_01	0.4237	0.3674	-0.0563	75.6	74.4	-1.1
Encoder	mu	CE_P3_V_01	0.4842	0.1219	-0.3622	85.6	75.6	-10.0
Encoder	mu	CE_P4_V_01	0.4105	0.4165	+0.0060	70.0	72.2	+2.2
Encoder	mu	CE_P5_V_01	0.5426	0.4706	-0.0720	81.1	80.0	-1.1
Decoder	minmax	CV_P1_V_01	0.2201	0.2613	+0.0412	34.4	18.9	-15.6
Decoder	minmax	CV_P2_V_01	0.5699	0.6166	+0.0468	100.0	96.7	-3.3
Decoder	minmax	CV_P3_V_01	0.5058	0.5862	+0.0804	73.3	80.0	+6.7
Decoder	minmax	CV_P4_V_01	0.6240	0.6765	+0.0525	92.2	94.4	+2.2
Decoder	minmax	CV_P5_V_01	0.0635	0.4824	+0.4189	61.1	84.4	+23.3
Decoder	minmax	CE_P1_V_01	-0.1154	0.4556	+0.5710	2.2	86.7	+84.4
Decoder	minmax	CE_P2_V_01	-0.0681	0.2037	+0.2718	8.9	58.9	+50.0
Decoder	minmax	CE_P3_V_01	-0.2821	0.2776	+0.5598	20.0	72.2	+52.2
Decoder	minmax	CE_P4_V_01	0.2133	0.3362	+0.1229	71.1	67.8	-3.3
Decoder	minmax	CE_P5_V_01	0.2158	0.4954	+0.2796	75.6	91.1	+15.6
Decoder	mu	CV_P1_V_01	0.4056	0.4005	-0.0051	52.2	50.0	-2.2
Decoder	mu	CV_P2_V_01	0.5262	0.5824	+0.0562	58.9	90.0	+31.1
Decoder	mu	CV_P3_V_01	0.5948	0.6667	+0.0719	84.4	83.3	-1.1
Decoder	mu	CV_P4_V_01	0.6819	0.6933	+0.0114	97.8	96.7	-1.1
Decoder	mu	CV_P5_V_01	0.6352	0.5964	-0.0388	98.9	93.3	-5.6
Decoder	mu	CE_P1_V_01	0.5433	0.5133	-0.0300	88.9	98.9	+10.0
Decoder	mu	CE_P2_V_01	0.3120	0.3755	+0.0635	70.0	77.8	+7.8
Decoder	mu	CE_P3_V_01	0.5222	0.5180	-0.0042	86.7	84.4	-2.2
Decoder	mu	CE_P4_V_01	0.4695	0.4360	-0.0335	67.8	73.3	+5.6
Decoder	mu	CE_P5_V_01	0.5459	0.5286	-0.0173	82.2	83.3	+1.1
Both	minmax	CV_P1_V_01	0.2911	0.3522	+0.0611	43.3	26.7	-16.7
Both	minmax	CV_P2_V_01	0.5417	0.5977	+0.0560	93.3	97.8	+4.4
Both	minmax	CV_P3_V_01	0.5543	0.5794	+0.0251	82.2	78.9	-3.3
Both	minmax	CV_P4_V_01	0.6708	0.6562	-0.0146	96.7	91.1	-5.6
Both	minmax	CV_P5_V_01	0.4019	0.5491	+0.1471	95.6	87.8	-7.8
Both	minmax	CE_P1_V_01	0.0359	0.5053	+0.4694	10.0	72.2	+62.2
Both	minmax	CE_P2_V_01	-0.0467	0.3348	+0.3815	10.0	61.1	+51.1
Both	minmax	CE_P3_V_01	0.1971	0.0297	-0.1674	64.4	32.2	-32.2
Both	minmax	CE_P4_V_01	0.2899	0.4124	+0.1225	71.1	64.4	-6.7
Both	minmax	CE_P5_V_01	0.1727	0.4384	+0.2657	70.0	86.7	+16.7
Both	mu	CV_P1_V_01	0.3690	0.3969	+0.0279	56.7	60.0	+3.3
Both	mu	CV_P2_V_01	0.5631	0.5851	+0.0220	85.6	86.7	+1.1
Both	mu	CV_P3_V_01	0.6227	0.6710	+0.0483	90.0	87.8	-2.2
Both	mu	CV_P4_V_01	0.6363	0.6927	+0.0564	88.9	96.7	+7.8
Both	mu	CV_P5_V_01	0.6286	0.5755	-0.0531	95.6	96.7	+1.1
Both	mu	CE_P1_V_01	0.6179	0.5767	-0.0412	97.8	93.3	-4.4
Both	mu	CE_P2_V_01	0.3544	0.4370	+0.0826	65.6	78.9	+13.3
Both	mu	CE_P3_V_01	0.5226	0.3896	-0.1330	84.4	93.3	+8.9
Both	mu	CE_P4_V_01	0.3877	0.4701	+0.0825	66.7	71.1	+4.4
Both	mu	CE_P5_V_01	0.4870	0.5175	+0.0305	78.9	81.1	+2.2
